{"hidden_size1": 80, "hidden_size2": 240, "learning_rate": 0.00020251005944213948, "batch_size": 24, "epochs": 29, "weight_decay": 3.974969144201239e-06, "dropout": 0.260745274207114}